latitude,longitude,brightness,scan,track,acq_date,acq_time,satellite,confidence,version,bright_t31,frp,daynight
41.312,34.5,306.4,2.2,1.4,2017-04-29,0020,A,68,6.0NRT,277.6,35.9,N
53.138,8.685,301,1.1,1,2017-04-29,0155,A,36,6.0NRT,275,10.7,N
52.157,10.414,305,1.3,1.1,2017-04-29,0155,A,62,6.0NRT,277.6,16,N
51.485,6.72,325.4,1,1,2017-04-29,0155,A,100,6.0NRT,277.2,28.1,N
51.365,6.71,300,1,1,2017-04-29,0155,A,12,6.0NRT,276.4,8.9,N
51.178,3.813,300.6,1,1,2017-04-29,0155,A,30,6.0NRT,278.9,8.2,N
51.167,3.824,312.3,1,1,2017-04-29,0155,A,84,6.0NRT,276.5,15.8,N
43.453,4.905,300.1,1.1,1.1,2017-04-29,0155,A,11,6.0NRT,277.1,8.6,N
43.444,4.902,304.2,1.1,1.1,2017-04-29,0155,A,35,6.0NRT,278.9,11.2,N
53.948,34.916,323.1,2.8,1.6,2017-04-29,0800,T,78,6.0NRT,289.5,86.6,D
53.236,33.427,310.9,3.2,1.7,2017-04-29,0800,T,62,6.0NRT,291,45.3,D
53.225,33.419,306.6,3.2,1.7,2017-04-29,0800,T,40,6.0NRT,291.7,28.8,D
52.509,34.42,326.9,2.9,1.6,2017-04-29,0800,T,81,6.0NRT,295.5,105.4,D
52.508,34.412,323.9,2.9,1.6,2017-04-29,0800,T,79,6.0NRT,295.8,89.5,D
52.507,34.455,310.6,2.9,1.6,2017-04-29,0800,T,56,6.0NRT,294.9,32,D
52.097,33.871,309.7,3,1.7,2017-04-29,0800,T,41,6.0NRT,296.4,25.1,D
52.098,33.865,310.5,3,1.7,2017-04-29,0800,T,27,6.0NRT,296.5,27.6,D
51.316,33.706,309.2,3,1.7,2017-04-29,0800,T,22,6.0NRT,295.8,23.3,D
48.146,34.384,317.1,2.6,1.6,2017-04-29,0805,T,64,6.0NRT,302,32.8,D
48.134,34.347,319.9,2.7,1.6,2017-04-29,0805,T,71,6.0NRT,299.8,43.9,D
48.132,34.383,331,2.6,1.6,2017-04-29,0805,T,83,6.0NRT,301.4,94.5,D
48.144,34.342,316.2,2.7,1.6,2017-04-29,0805,T,46,6.0NRT,300.7,29.9,D
48.142,34.378,334.3,2.6,1.6,2017-04-29,0805,T,86,6.0NRT,302.5,112.8,D
46.723,33.246,312.9,3,1.6,2017-04-29,0805,T,36,6.0NRT,299.8,28.3,D
46.723,33.241,311.3,3,1.6,2017-04-29,0805,T,38,6.0NRT,299.7,23.8,D
41.588,12.632,311.4,1.5,1.2,2017-04-29,0945,T,71,6.0NRT,295.8,14.6,D
53.945,34.912,319.6,2.3,1.5,2017-04-29,0940,T,77,6.0NRT,296.7,44.4,D
53.937,34.944,308.5,2.3,1.5,2017-04-29,0940,T,16,6.0NRT,295.9,15.4,D
53.233,33.447,306.3,2.1,1.4,2017-04-29,0940,T,36,6.0NRT,283,19.1,D
53.001,34.315,307.7,2.3,1.5,2017-04-29,0940,T,44,6.0NRT,293.2,15.9,D
52.138,34.231,319.4,2.4,1.5,2017-04-29,0940,T,75,6.0NRT,300,40.8,D
52.131,34.221,312.6,2.4,1.5,2017-04-29,0940,T,34,6.0NRT,299,17.5,D
52.026,33.245,309.4,2.2,1.4,2017-04-29,0940,T,53,6.0NRT,294.4,16.4,D
52.018,33.276,320.8,2.2,1.4,2017-04-29,0940,T,77,6.0NRT,292.3,47.2,D
51.851,33.708,319.6,2.4,1.5,2017-04-29,0940,T,66,6.0NRT,293.8,47.4,D
51.843,33.698,324,2.4,1.5,2017-04-29,0940,T,69,6.0NRT,295.4,66.3,D
51.873,33.353,313,2.3,1.5,2017-04-29,0940,T,65,6.0NRT,293.4,24.3,D
49.683,32.7,322.3,2.5,1.5,2017-04-29,0940,T,76,6.0NRT,297.9,53.4,D
49.675,32.732,323.9,2.5,1.5,2017-04-29,0940,T,78,6.0NRT,300.4,62.2,D
49.67,32.722,326.4,2.5,1.5,2017-04-29,0940,T,68,6.0NRT,299.4,65.6,D
49.756,31.184,346.4,2.1,1.4,2017-04-29,0940,T,90,6.0NRT,293.4,142.3,D
49.75,31.212,347.9,2.1,1.4,2017-04-29,0940,T,94,6.0NRT,294,150.4,D
49.744,31.178,338.3,2.1,1.4,2017-04-29,0940,T,70,6.0NRT,291,99.8,D
49.738,31.205,342.2,2.1,1.4,2017-04-29,0940,T,91,6.0NRT,291.8,118.3,D
49.756,31.179,336.1,2.1,1.4,2017-04-29,0940,T,66,6.0NRT,293,89.3,D
49.75,31.207,357.3,2.1,1.4,2017-04-29,0940,T,98,6.0NRT,294.4,213.5,D
49.738,31.2,340,2.1,1.4,2017-04-29,0940,T,90,6.0NRT,291.3,109.7,D
48.71,31.83,322.8,2.4,1.5,2017-04-29,0940,T,76,6.0NRT,302.6,47,D
48.716,31.827,321.5,2.4,1.5,2017-04-29,0940,T,74,6.0NRT,301.8,45.4,D
49.147,29.626,324.6,1.9,1.3,2017-04-29,0940,T,79,6.0NRT,299.6,37.9,D
49.154,29.624,324.5,1.9,1.3,2017-04-29,0940,T,79,6.0NRT,298.6,40.7,D
49.148,28.941,320.1,1.7,1.3,2017-04-29,0940,T,74,6.0NRT,301.7,17.7,D
48.269,14.328,302.2,1.5,1.2,2017-04-29,0940,T,25,6.0NRT,283.6,7.3,D
36.499,33.199,320.3,1.9,1.3,2017-04-29,1125,A,69,6.0NRT,305.1,20.3,D
35.39,23.856,316.3,1.2,1.1,2017-04-29,1125,A,66,6.0NRT,297.4,12.3,D
35.388,23.843,329.5,1.2,1.1,2017-04-29,1125,A,82,6.0NRT,298.5,29.5,D
36.931,30.652,321.5,1.3,1.1,2017-04-29,1125,A,61,6.0NRT,307.7,12.6,D
36.929,30.637,320.5,1.3,1.1,2017-04-29,1125,A,48,6.0NRT,307.8,12,D
40.346,33.805,323.2,2.3,1.5,2017-04-29,1125,A,63,6.0NRT,312.2,21.4,D
40.342,33.801,325.1,2.3,1.5,2017-04-29,1125,A,75,6.0NRT,312.7,27.7,D
40.445,27.14,313.7,1.1,1,2017-04-29,1125,A,29,6.0NRT,298.9,6,D
48.667,28.647,312.4,1.5,1.2,2017-04-29,1125,A,49,6.0NRT,294.2,10.3,D
49.093,29.83,314.8,1.7,1.3,2017-04-29,1125,A,47,6.0NRT,295.5,10.3,D
49.091,29.806,317.4,1.7,1.3,2017-04-29,1125,A,64,6.0NRT,296.7,15.5,D
49.675,32.725,319.9,2.5,1.5,2017-04-29,1125,A,69,6.0NRT,301,41.6,D
49.674,32.69,318.9,2.5,1.5,2017-04-29,1125,A,54,6.0NRT,298.4,33.5,D
49.741,31.187,349.5,2.1,1.4,2017-04-29,1125,A,95,6.0NRT,294.2,152.7,D
49.859,31.017,325.2,2,1.4,2017-04-29,1125,A,77,6.0NRT,301.2,36.5,D
51.849,33.683,313.1,2.9,1.6,2017-04-29,1125,A,64,6.0NRT,290.3,38.8,D
52.094,33.855,309.1,3,1.6,2017-04-29,1125,A,52,6.0NRT,288,29.2,D
53.019,34.031,314.3,3.1,1.7,2017-04-29,1125,A,70,6.0NRT,291.7,45.6,D
53.146,33.833,323.4,3,1.6,2017-04-29,1125,A,80,6.0NRT,295.8,80.9,D
53.145,33.787,309.8,3,1.6,2017-04-29,1125,A,34,6.0NRT,294,22.6,D
53.146,33.824,324.8,3,1.6,2017-04-29,1125,A,81,6.0NRT,295.8,86.7,D
49.667,32.685,310.5,3.3,1.7,2017-04-29,0950,A,29,6.0NRT,295.4,28,D
49.675,32.726,310.6,3.3,1.7,2017-04-29,0950,A,35,6.0NRT,297.6,30.4,D
50.132,34.15,313.7,2.7,1.6,2017-04-29,0950,A,31,6.0NRT,300.9,29.8,D
49.733,31.189,316,3.9,1.8,2017-04-29,0950,A,65,6.0NRT,295.2,61.5,D
49.738,31.177,318.6,3.9,1.8,2017-04-29,0950,A,70,6.0NRT,295.5,77.9,D
51.024,31.9,309.7,3.2,1.7,2017-04-29,0950,A,30,6.0NRT,291.3,23.5,D
51.847,33.676,318.6,2.5,1.5,2017-04-29,0950,A,72,6.0NRT,293.7,48.1,D
51.87,33.331,310.1,2.6,1.5,2017-04-29,0950,A,52,6.0NRT,295.8,19.8,D
52.088,33.851,310.8,2.4,1.5,2017-04-29,0950,A,52,6.0NRT,298.8,19.9,D
52.017,33.258,318.2,2.6,1.5,2017-04-29,0950,A,72,6.0NRT,293.1,49.8,D
52.488,34.84,318.7,2.1,1.4,2017-04-29,0950,A,52,6.0NRT,301.4,26,D
52.488,34.833,317.7,2.1,1.4,2017-04-29,0950,A,56,6.0NRT,301.1,27.6,D
53.938,34.907,318.7,1.9,1.3,2017-04-29,0950,A,77,6.0NRT,299,33,D
53.931,34.88,326.1,1.9,1.3,2017-04-29,0950,A,83,6.0NRT,297.6,52.1,D
53.941,34.9,314.8,1.9,1.3,2017-04-29,0950,A,52,6.0NRT,298.2,22.2,D
53.935,34.873,318.1,1.9,1.3,2017-04-29,0950,A,60,6.0NRT,296.9,28.8,D
54.072,34.927,310.6,1.9,1.3,2017-04-29,0950,A,66,6.0NRT,297.3,17.1,D
46.801,4.431,300.7,2.1,1.4,2017-04-29,1120,T,27,6.0NRT,290.1,9.8,D
47.387,0.763,301,1.3,1.1,2017-04-29,1120,T,14,6.0NRT,289.4,3.4,D
45.213,-0.895,316.7,1.2,1.1,2017-04-29,1120,T,42,6.0NRT,303.9,13,D
43.442,4.896,307.9,2.7,1.6,2017-04-29,1120,T,0,6.0NRT,296,27,D
43.559,-5.903,314.6,1,1,2017-04-29,1120,T,57,6.0NRT,301.9,7.4,D
43.539,-5.832,317.2,1,1,2017-04-29,1120,T,75,6.0NRT,301.4,11.2,D
43.55,-8.232,311.6,1.1,1,2017-04-29,1120,T,65,6.0NRT,296.9,7.1,D
43.547,-8.253,308.5,1.1,1,2017-04-29,1120,T,48,6.0NRT,296.4,6,D
43.546,-8.24,355.3,1.1,1,2017-04-29,1120,T,74,6.0NRT,298.4,80.9,D
42.038,-6.566,335.1,1.7,1.3,2017-04-29,1305,A,0,6.0NRT,288.4,68.7,D
42.04,-6.55,351.7,1.7,1.3,2017-04-29,1305,A,63,6.0NRT,288.6,133.9,D
41.947,-8.589,318.7,2.2,1.4,2017-04-29,1305,A,77,6.0NRT,295.1,45.8,D
42.676,-7.911,306.4,1.9,1.3,2017-04-29,1305,A,54,6.0NRT,286.1,17.7,D
42.671,-7.934,304.2,1.9,1.3,2017-04-29,1305,A,40,6.0NRT,285.4,14.6,D
45.213,-0.893,319.9,1,1,2017-04-29,1305,A,32,6.0NRT,308,10.4,D
49.246,6.839,313.9,2.1,1.4,2017-04-29,1305,A,33,6.0NRT,289.5,30.5,D
48.486,34.968,318.1,1.2,1.1,2017-04-29,1915,T,96,6.0NRT,285.4,25,N
48.749,33.709,307.4,1.4,1.2,2017-04-29,1915,T,71,6.0NRT,284,17.2,N
52.803,34.883,300.7,1.1,1,2017-04-29,1915,T,32,6.0NRT,280.9,7.8,N
53.148,33.811,308.9,1.1,1.1,2017-04-29,1915,T,76,6.0NRT,283.9,13.6,N
48.277,14.342,302,1,1,2017-04-29,2050,T,46,6.0NRT,278.6,8.6,N
48.275,14.329,301.6,1,1,2017-04-29,2050,T,42,6.0NRT,278.6,8.5,N
48.284,14.326,300.4,1,1,2017-04-29,2050,T,7,6.0NRT,277.5,7,N
50.059,20.117,313.6,1.4,1.2,2017-04-29,2050,T,88,6.0NRT,270.6,29.1,N
51.368,6.709,300.4,1.5,1.2,2017-04-29,2055,T,26,6.0NRT,281.3,14.1,N
52.162,10.419,306.4,1.1,1,2017-04-29,2055,T,68,6.0NRT,276.2,12.7,N
52.159,10.404,322.2,1.1,1,2017-04-29,2055,T,100,6.0NRT,277.6,27.3,N
51.486,6.708,305.7,1.5,1.2,2017-04-29,2055,T,65,6.0NRT,281.1,18.4,N
58.358,12.378,303.9,1,1,2017-04-29,2055,T,57,6.0NRT,274,11.6,N
42.29,-8.169,314.2,1,1,2017-04-29,2230,T,84,6.0NRT,271.1,17.1,N
51.49,6.721,306.8,2.7,1.6,2017-04-30,0100,A,69,6.0NRT,278.4,51.2,N
48.275,14.345,307.6,1.1,1.1,2017-04-30,0100,A,72,6.0NRT,275.9,15.4,N
43.457,-6.583,319.7,1.1,1,2017-04-30,0240,A,99,6.0NRT,278.4,23.2,N
51.175,3.833,304.9,2,1.4,2017-04-30,0235,A,62,6.0NRT,276.6,30.4,N
54.824,34.575,318.6,1.1,1,2017-04-30,0845,T,76,6.0NRT,295.8,15.2,D
54.324,34.376,311.1,1.1,1,2017-04-30,0845,T,62,6.0NRT,298.2,5.7,D
53.949,34.925,319.6,1,1,2017-04-30,0845,T,74,6.0NRT,301.7,11.9,D
53.947,34.941,319.3,1,1,2017-04-30,0845,T,69,6.0NRT,300.3,12.3,D
53.998,33.703,314.3,1.1,1.1,2017-04-30,0845,T,69,6.0NRT,297.1,9.9,D
53.583,34.671,314.4,1.1,1,2017-04-30,0845,T,54,6.0NRT,297.7,7.9,D
53.581,34.686,334.8,1.1,1,2017-04-30,0845,T,87,6.0NRT,299.6,32.4,D
53.544,34.9,311.2,1,1,2017-04-30,0845,T,33,6.0NRT,298.7,5.1,D
53.543,34.835,325,1,1,2017-04-30,0845,T,79,6.0NRT,299.4,19.3,D
53.541,34.851,335,1,1,2017-04-30,0845,T,87,6.0NRT,301,32.4,D
53.483,34.727,315.8,1,1,2017-04-30,0845,T,68,6.0NRT,299.6,8.3,D
53.481,34.742,311.8,1,1,2017-04-30,0845,T,58,6.0NRT,299.4,4.9,D
53.474,34.724,313,1,1,2017-04-30,0845,T,46,6.0NRT,299.4,5.8,D
53.433,34.912,317,1,1,2017-04-30,0845,T,42,6.0NRT,300.4,7.7,D
53.417,34.89,319.5,1,1,2017-04-30,0845,T,57,6.0NRT,302,10,D
53.408,34.887,320.8,1,1,2017-04-30,0845,T,68,6.0NRT,300.4,12.1,D
53.225,33.563,314.8,1.1,1,2017-04-30,0845,T,67,6.0NRT,298.9,8.3,D
53.053,34.911,318.4,1,1,2017-04-30,0845,T,52,6.0NRT,303.7,8.9,D
53.18,33.616,315.9,1.1,1,2017-04-30,0845,T,59,6.0NRT,301.4,6.8,D
53.209,33.285,312.7,1.1,1.1,2017-04-30,0845,T,53,6.0NRT,298.2,7,D
53.207,33.301,313.1,1.1,1.1,2017-04-30,0845,T,63,6.0NRT,297.9,7.7,D
52.996,34.645,356.6,1,1,2017-04-30,0845,T,98,6.0NRT,302,75.8,D
52.994,34.661,312.3,1,1,2017-04-30,0845,T,49,6.0NRT,299.8,5.1,D
53.102,33.735,334.8,1.1,1,2017-04-30,0845,T,87,6.0NRT,300.2,31,D
53.1,33.751,365.1,1.1,1,2017-04-30,0845,T,100,6.0NRT,303.1,105.4,D
53.083,33.729,315.3,1.1,1,2017-04-30,0845,T,40,6.0NRT,300.8,6.8,D
53.061,33.672,316.7,1.1,1,2017-04-30,0845,T,69,6.0NRT,300.5,8.3,D
52.799,34.87,317.9,1,1,2017-04-30,0845,T,39,6.0NRT,303.6,6.2,D
52.797,34.885,323.5,1,1,2017-04-30,0845,T,76,6.0NRT,302.5,11.5,D
52.787,34.892,319,1,1,2017-04-30,0845,T,57,6.0NRT,300.7,8.3,D
52.457,33.498,312.6,1.1,1,2017-04-30,0845,T,57,6.0NRT,300,6.3,D
52.421,32.58,326.8,1.2,1.1,2017-04-30,0845,T,80,6.0NRT,299,23.9,D
52.419,32.597,315.5,1.1,1.1,2017-04-30,0845,T,42,6.0NRT,301.3,10,D
52.287,33.381,317.1,1.1,1,2017-04-30,0845,T,68,6.0NRT,297.7,11.7,D
52.136,34.223,318.6,1,1,2017-04-30,0845,T,66,6.0NRT,303.3,8.3,D
52.126,34.079,314.6,1.1,1,2017-04-30,0845,T,38,6.0NRT,300.9,4.7,D
51.866,34.722,313.5,1,1,2017-04-30,0845,T,27,6.0NRT,301.9,5,D
51.988,33.252,317.7,1.1,1,2017-04-30,0845,T,62,6.0NRT,302.2,8.4,D
51.986,33.268,316.3,1.1,1,2017-04-30,0845,T,41,6.0NRT,302.4,6.8,D
51.981,33.26,319.8,1.1,1,2017-04-30,0845,T,60,6.0NRT,302.1,11.1,D
51.65,34.399,324.7,1,1,2017-04-30,0845,T,76,6.0NRT,309.6,10.7,D
51.503,33.969,315.7,1,1,2017-04-30,0845,T,49,6.0NRT,300.1,6.8,D
51.501,33.983,317.3,1,1,2017-04-30,0845,T,60,6.0NRT,300.9,8.3,D
51.649,32.021,322.7,1.2,1.1,2017-04-30,0845,T,59,6.0NRT,299.4,16.3,D
51.249,34.072,318.2,1,1,2017-04-30,0845,T,52,6.0NRT,303.3,7.8,D
51.24,34.069,332.8,1,1,2017-04-30,0845,T,84,6.0NRT,301.8,25.7,D
51.238,34.084,317,1,1,2017-04-30,0845,T,53,6.0NRT,301.8,7.2,D
51.375,32.01,318,1.2,1.1,2017-04-30,0845,T,51,6.0NRT,296.7,12,D
50.348,33.823,321.4,1,1,2017-04-30,0845,T,57,6.0NRT,307.4,7.6,D
50.183,33.258,322.7,1.1,1,2017-04-30,0845,T,42,6.0NRT,307.4,10.7,D
49.824,33.664,326,1,1,2017-04-30,0845,T,73,6.0NRT,309.7,10.2,D
50.148,30.388,334.3,1.3,1.1,2017-04-30,0845,T,80,6.0NRT,299.1,37.4,D
48.862,32.844,322.9,1,1,2017-04-30,0845,T,64,6.0NRT,306.6,10.8,D
48.86,32.858,339.8,1,1,2017-04-30,0845,T,89,6.0NRT,307.1,34.7,D
48.601,34.666,322.5,1,1,2017-04-30,0845,T,69,6.0NRT,301.3,11.7,D
48.592,34.663,318.9,1,1,2017-04-30,0845,T,43,6.0NRT,302.7,8.2,D
48.436,32.153,323.2,1.1,1,2017-04-30,0845,T,68,6.0NRT,305.2,12.6,D
47.631,34.325,319.7,1,1,2017-04-30,0845,T,50,6.0NRT,304.8,8.6,D
45.238,33.889,320.4,1,1,2017-04-30,0845,T,71,6.0NRT,304.2,9.6,D
41.26,31.431,314.6,1,1,2017-04-30,0850,T,43,6.0NRT,299.7,8,D
40.012,33.885,318.9,1.1,1,2017-04-30,0850,T,37,6.0NRT,305.1,5.9,D
39.941,32.774,320.3,1,1,2017-04-30,0850,T,51,6.0NRT,306,5.2,D
39.109,34.218,322.1,1.1,1.1,2017-04-30,0850,T,62,6.0NRT,310,8.4,D
45.24,33.878,317.4,1.2,1.1,2017-04-30,1030,A,64,6.0NRT,304.6,9,D
45.938,34.18,314.1,1.1,1.1,2017-04-30,1030,A,35,6.0NRT,301.4,6.1,D
46.831,33.823,321.3,1.1,1.1,2017-04-30,1030,A,55,6.0NRT,307.1,8.6,D
46.829,33.809,327.5,1.1,1.1,2017-04-30,1030,A,77,6.0NRT,309.3,16.1,D
47.488,31.058,319.3,1.4,1.2,2017-04-30,1030,A,61,6.0NRT,307.5,9.6,D
49.14,32.143,315.9,1.2,1.1,2017-04-30,1030,A,39,6.0NRT,302.5,7.8,D
49.516,33.729,324.2,1.1,1,2017-04-30,1030,A,61,6.0NRT,309.6,9.7,D
49.679,33.878,347.1,1,1,2017-04-30,1030,A,93,6.0NRT,310.6,45.2,D
49.677,33.864,338.5,1,1,2017-04-30,1030,A,87,6.0NRT,310.9,29.5,D
49.977,33.357,319.4,1.1,1,2017-04-30,1030,A,25,6.0NRT,307.1,4.8,D
50.343,33.815,323.5,1,1,2017-04-30,1030,A,65,6.0NRT,310.4,8.8,D
50.144,30.39,322.8,1.3,1.1,2017-04-30,1030,A,70,6.0NRT,299.3,18.9,D
50.141,30.373,318.5,1.3,1.1,2017-04-30,1030,A,67,6.0NRT,298.2,12.9,D
51.241,34.067,336.3,1,1,2017-04-30,1030,A,85,6.0NRT,306.3,29.5,D
51.057,32.528,319.8,1.1,1,2017-04-30,1030,A,58,6.0NRT,304.1,7,D
51.441,34.775,317.7,1,1,2017-04-30,1030,A,31,6.0NRT,304.4,8.3,D
51.317,33.712,325,1,1,2017-04-30,1030,A,74,6.0NRT,302.2,15.4,D
51.315,33.697,328.5,1,1,2017-04-30,1030,A,79,6.0NRT,302.4,19.6,D
51.498,33.976,316.9,1,1,2017-04-30,1030,A,40,6.0NRT,302.6,6.2,D
51.507,33.972,318.8,1,1,2017-04-30,1030,A,60,6.0NRT,301.4,7.9,D
51.963,34.34,320.9,1,1,2017-04-30,1030,A,62,6.0NRT,306.7,10.2,D
51.896,33.068,322.9,1,1,2017-04-30,1030,A,75,6.0NRT,300.6,15.2,D
51.894,33.053,330.2,1,1,2017-04-30,1030,A,83,6.0NRT,300.4,24.1,D
52.131,34.216,334.9,1,1,2017-04-30,1030,A,86,6.0NRT,305.5,24.1,D
52.129,34.201,321.6,1,1,2017-04-30,1030,A,63,6.0NRT,305,7.9,D
52.14,34.212,322.6,1,1,2017-04-30,1030,A,69,6.0NRT,305.8,8.8,D
52.123,33.618,331.4,1,1,2017-04-30,1030,A,83,6.0NRT,301.3,22.2,D
52.302,34.75,316.5,1,1,2017-04-30,1030,A,50,6.0NRT,304.8,6.7,D
52.292,33.38,344.4,1,1,2017-04-30,1030,A,92,6.0NRT,300.2,46.8,D
52.29,33.366,315.1,1,1,2017-04-30,1030,A,64,6.0NRT,297.4,7.8,D
52.193,32.143,314,1.1,1,2017-04-30,1030,A,34,6.0NRT,299.6,6.4,D
52.19,32.128,313.5,1.1,1,2017-04-30,1030,A,58,6.0NRT,296.9,6.1,D
52.294,32.518,316.8,1,1,2017-04-30,1030,A,64,6.0NRT,302.1,7.6,D
52.559,33.652,315.6,1,1,2017-04-30,1030,A,64,6.0NRT,303,6.9,D
52.788,34.897,317.6,1,1,2017-04-30,1030,A,31,6.0NRT,303.2,4.7,D
52.786,34.882,324.6,1,1,2017-04-30,1030,A,76,6.0NRT,303,11.9,D
52.795,34.879,333.6,1,1,2017-04-30,1030,A,85,6.0NRT,304.5,22.2,D
52.857,34.927,314.9,1,1,2017-04-30,1030,A,56,6.0NRT,302.4,5.4,D
52.533,32.376,316.1,1,1,2017-04-30,1030,A,60,6.0NRT,296.9,9.8,D
52.531,32.361,312.9,1,1,2017-04-30,1030,A,43,6.0NRT,299.6,6.6,D
52.994,34.645,324.4,1,1,2017-04-30,1030,A,76,6.0NRT,302.3,14.8,D
53.027,34.817,313.9,1,1,2017-04-30,1030,A,34,6.0NRT,302,5.4,D
53.077,34.636,316,1,1,2017-04-30,1030,A,52,6.0NRT,301.4,8.3,D
53.065,33.674,321.9,1,1,2017-04-30,1030,A,76,6.0NRT,299.8,10.2,D
53.063,33.659,324,1,1,2017-04-30,1030,A,78,6.0NRT,301.3,13.1,D
53.085,33.743,347.4,1,1,2017-04-30,1030,A,94,6.0NRT,300.7,48.6,D
53.083,33.729,356.7,1,1,2017-04-30,1030,A,98,6.0NRT,303.8,68.9,D
53.094,33.74,347.4,1,1,2017-04-30,1030,A,94,6.0NRT,300.5,48.3,D
53.08,33.583,314.7,1,1,2017-04-30,1030,A,60,6.0NRT,297.8,6.2,D
53.161,34.063,318.8,1,1,2017-04-30,1030,A,62,6.0NRT,304.2,9.2,D
53.207,34.184,317.6,1,1,2017-04-30,1030,A,69,6.0NRT,303.3,6.6,D
53.16,33.434,320.8,1,1,2017-04-30,1030,A,75,6.0NRT,300.1,12,D
53.407,34.877,316.4,1,1,2017-04-30,1030,A,16,6.0NRT,302.4,6.7,D
53.226,33.563,322.4,1,1,2017-04-30,1030,A,77,6.0NRT,301.2,13.3,D
53.224,33.548,341.1,1,1,2017-04-30,1030,A,91,6.0NRT,301.7,39.2,D
53.438,34.896,322.9,1,1,2017-04-30,1030,A,76,6.0NRT,301.1,12.3,D
53.436,34.881,324.8,1,1,2017-04-30,1030,A,78,6.0NRT,300.8,14.4,D
53.203,33.29,315.6,1,1,2017-04-30,1030,A,68,6.0NRT,300,8.2,D
53.469,34.72,316.4,1,1,2017-04-30,1030,A,57,6.0NRT,300.7,7.5,D
53.313,33.644,332.5,1,1,2017-04-30,1030,A,86,6.0NRT,301.4,24.9,D
53.311,33.629,320.5,1,1,2017-04-30,1030,A,75,6.0NRT,300.6,10.9,D
53.48,34.731,317.8,1,1,2017-04-30,1030,A,64,6.0NRT,300.8,8.4,D
53.478,34.717,331.5,1,1,2017-04-30,1030,A,84,6.0NRT,300.9,24,D
53.114,32.076,310.6,1,1,2017-04-30,1030,A,56,6.0NRT,295.7,6,D
53.55,34.903,315.8,1,1,2017-04-30,1030,A,63,6.0NRT,298.8,9.2,D
53.548,34.888,316.3,1,1,2017-04-30,1030,A,67,6.0NRT,300.7,9.6,D
53.542,34.843,325.2,1,1,2017-04-30,1030,A,79,6.0NRT,301.4,18.2,D
53.539,34.828,314.6,1,1,2017-04-30,1030,A,64,6.0NRT,300.5,8.1,D
53.585,34.684,319.9,1,1,2017-04-30,1030,A,73,6.0NRT,300.3,12.3,D
53.583,34.67,319.6,1,1,2017-04-30,1030,A,73,6.0NRT,299.1,11.7,D
53.431,32.887,314.2,1,1,2017-04-30,1030,A,67,6.0NRT,299.8,6.9,D
53.318,32.013,312.9,1,1,2017-04-30,1030,A,59,6.0NRT,295,9.3,D
53.598,33.489,315.6,1,1,2017-04-30,1030,A,64,6.0NRT,299.8,6.9,D
53.595,33.475,325.5,1,1,2017-04-30,1030,A,80,6.0NRT,299.9,16.7,D
53.831,34.851,315.3,1,1,2017-04-30,1030,A,67,6.0NRT,301.6,7.8,D
53.943,34.929,321.5,1,1,2017-04-30,1030,A,63,6.0NRT,303.4,12,D
53.954,34.94,318.5,1,1,2017-04-30,1030,A,61,6.0NRT,299.7,9.7,D
53.952,34.925,318.6,1,1,2017-04-30,1030,A,63,6.0NRT,301.8,9.3,D
54.306,34.391,321.9,1,1,2017-04-30,1030,A,77,6.0NRT,299.1,13.2,D
54.323,34.377,312.4,1,1,2017-04-30,1030,A,64,6.0NRT,299.8,5.2,D
54.672,34.831,307.7,1,1,2017-04-30,1030,A,52,6.0NRT,295.3,4.9,D
54.824,34.577,311.2,1,1,2017-04-30,1030,A,62,6.0NRT,298.2,6.5,D
54.833,34.574,313.9,1,1,2017-04-30,1030,A,69,6.0NRT,297.5,8.5,D
54.528,32.358,309.3,1,1,2017-04-30,1030,A,63,6.0NRT,290.2,6.8,D
55.196,34.784,310.8,1,1,2017-04-30,1030,A,48,6.0NRT,297.1,5.4,D
55.203,34.776,314.3,1,1,2017-04-30,1030,A,70,6.0NRT,297,8.5,D
55.251,34.302,308.7,1,1,2017-04-30,1030,A,61,6.0NRT,293,5.2,D
55.185,33.756,315.2,1,1,2017-04-30,1030,A,59,6.0NRT,294.9,9.8,D
36.878,6.948,313.3,1,1,2017-04-30,1030,T,48,6.0NRT,297.9,5,D
35.07,6.438,316.9,1,1,2017-04-30,1030,T,53,6.0NRT,302.1,7.3,D
35.81,-0.257,322,1.7,1.3,2017-04-30,1030,T,0,6.0NRT,297.2,22.5,D
35.812,-0.263,316.4,1.7,1.3,2017-04-30,1030,T,0,6.0NRT,296.3,12.2,D
53.428,13.292,300.4,1,1,2017-04-30,1025,T,37,6.0NRT,287.4,4.8,D
53.033,13.537,307.4,1,1,2017-04-30,1025,T,48,6.0NRT,289.8,8.3,D
53.031,13.552,307.6,1,1,2017-04-30,1025,T,30,6.0NRT,290.2,8.4,D
53.137,8.675,307.5,1.1,1.1,2017-04-30,1025,T,50,6.0NRT,293.2,8.8,D
53.135,8.692,311.3,1.1,1.1,2017-04-30,1025,T,54,6.0NRT,296,11.5,D
52.632,12.156,301,1,1,2017-04-30,1025,T,19,6.0NRT,288,3.9,D
52.392,13.324,302.4,1,1,2017-04-30,1025,T,22,6.0NRT,290.1,2.8,D
52.172,13.181,306.4,1,1,2017-04-30,1025,T,45,6.0NRT,296,6.2,D
52.121,13.152,312.5,1,1,2017-04-30,1025,T,70,6.0NRT,299.3,9,D
52.079,12.171,303.1,1,1,2017-04-30,1025,T,39,6.0NRT,291.4,3.8,D
52.152,10.399,316.7,1,1,2017-04-30,1025,T,77,6.0NRT,294.9,13.1,D
52.15,10.413,306.6,1,1,2017-04-30,1025,T,45,6.0NRT,294.4,5.4,D
51.876,11.29,305.9,1,1,2017-04-30,1025,T,39,6.0NRT,295.2,5.7,D
51.373,14.256,300.6,1.1,1,2017-04-30,1025,T,19,6.0NRT,289.2,4.1,D
51.121,11.787,304.3,1,1,2017-04-30,1025,T,42,6.0NRT,293.4,5.4,D
51.482,6.708,320.7,1.2,1.1,2017-04-30,1025,T,0,6.0NRT,295.3,20.6,D
51.48,6.725,317.3,1.2,1.1,2017-04-30,1025,T,42,6.0NRT,293.8,16.3,D
51.37,6.708,309.2,1.2,1.1,2017-04-30,1025,T,49,6.0NRT,289.1,9.6,D
48.977,12.176,306.4,1,1,2017-04-30,1025,T,41,6.0NRT,294.6,6.1,D
48.829,12.158,307.3,1,1,2017-04-30,1025,T,65,6.0NRT,289.7,8.2,D
48.275,14.331,315.7,1.2,1.1,2017-04-30,1025,T,72,6.0NRT,299.6,15.4,D
48.272,14.347,310.9,1.2,1.1,2017-04-30,1025,T,38,6.0NRT,297,10.8,D
48.438,13.338,311.7,1.1,1.1,2017-04-30,1025,T,71,6.0NRT,291.2,11.7,D
48.432,13.345,301.8,1.1,1.1,2017-04-30,1025,T,49,6.0NRT,290.1,5.1,D
49.36,6.749,314.5,1.2,1.1,2017-04-30,1025,T,33,6.0NRT,301.3,10,D
49.35,6.746,317.4,1.2,1.1,2017-04-30,1025,T,69,6.0NRT,301,13.1,D
48.603,11.835,304.6,1,1,2017-04-30,1025,T,59,6.0NRT,288.2,7,D
49.246,6.857,311.9,1.1,1.1,2017-04-30,1025,T,61,6.0NRT,299.8,9.3,D
48.37,11.89,300.7,1,1,2017-04-30,1025,T,40,6.0NRT,290.5,4.3,D
48.414,10.858,305.8,1,1,2017-04-30,1025,T,53,6.0NRT,292.9,5.1,D
48.214,11.475,304.4,1,1,2017-04-30,1025,T,59,6.0NRT,293.5,4.9,D
48.08,9.811,307.5,1,1,2017-04-30,1025,T,46,6.0NRT,292.1,6.1,D
47.172,7.567,308.6,1,1,2017-04-30,1025,T,65,6.0NRT,296.6,7.9,D
45.961,12.942,320.8,1.2,1.1,2017-04-30,1025,T,76,6.0NRT,292.2,20.3,D
45.929,12.655,307,1.2,1.1,2017-04-30,1025,T,65,6.0NRT,295.2,6.4,D
45.55,13.745,308.4,1.3,1.1,2017-04-30,1025,T,34,6.0NRT,294.4,6.6,D
45.752,12.615,311.1,1.2,1.1,2017-04-30,1025,T,71,6.0NRT,297.9,8.5,D
45.662,12.813,311.2,1.2,1.1,2017-04-30,1025,T,71,6.0NRT,293.5,10.3,D
45.368,10.86,310.5,1.1,1,2017-04-30,1025,T,60,6.0NRT,297,6.6,D
45.491,9.802,307.1,1,1,2017-04-30,1025,T,53,6.0NRT,291.4,4.4,D
45.507,9.219,317.3,1,1,2017-04-30,1025,T,74,6.0NRT,298.6,8.8,D
45.313,9.214,310.7,1,1,2017-04-30,1025,T,63,6.0NRT,296.3,6.3,D
45.145,9.935,310.7,1,1,2017-04-30,1025,T,47,6.0NRT,296.2,5.1,D
45.143,9.948,318.2,1,1,2017-04-30,1025,T,70,6.0NRT,297.6,10.9,D
45.088,9.285,309.4,1,1,2017-04-30,1025,T,62,6.0NRT,296.1,5.4,D
44.678,11.022,310.8,1.1,1,2017-04-30,1025,T,66,6.0NRT,297.4,7.2,D
44.711,10.602,309.1,1.1,1,2017-04-30,1025,T,35,6.0NRT,297.3,5.2,D
45.112,7.724,318.6,1,1,2017-04-30,1025,T,64,6.0NRT,302,10.5,D
44.543,11.212,311.6,1.1,1,2017-04-30,1025,T,60,6.0NRT,299.3,7.2,D
44.499,11.24,316.5,1.1,1,2017-04-30,1025,T,68,6.0NRT,298.6,10.8,D
44.863,8.809,311.7,1,1,2017-04-30,1025,T,71,6.0NRT,294.7,7.5,D
44.166,12.28,306,1.2,1.1,2017-04-30,1025,T,48,6.0NRT,291.8,4.3,D
43.441,11.161,311.5,1.1,1.1,2017-04-30,1025,T,71,6.0NRT,290,11.3,D
41.804,12.329,312.3,1.3,1.1,2017-04-30,1025,T,69,6.0NRT,297.6,10.7,D
58.273,14.666,305.7,1,1,2017-04-30,1020,T,62,6.0NRT,291.9,4.7,D
37.602,14.75,334.1,1,1,2017-04-30,1205,A,86,6.0NRT,306.2,25.3,D
45.554,13.749,308.8,1,1,2017-04-30,1210,A,30,6.0NRT,297.6,3.7,D
45.141,9.947,320.1,1.1,1.1,2017-04-30,1210,A,67,6.0NRT,301.3,13,D
45.139,9.933,317.1,1.1,1.1,2017-04-30,1210,A,0,6.0NRT,299.9,10.1,D
45.863,12.272,315.2,1,1,2017-04-30,1210,A,73,6.0NRT,297.8,8.5,D
45.969,12.618,309.4,1,1,2017-04-30,1210,A,55,6.0NRT,295.9,4.3,D
45.524,9.798,313.9,1.1,1.1,2017-04-30,1210,A,69,6.0NRT,297.8,9.5,D
45.497,9.296,312.1,1.2,1.1,2017-04-30,1210,A,53,6.0NRT,298.7,5.8,D
48.272,14.34,327.1,1.1,1,2017-04-30,1210,A,74,6.0NRT,301.3,24.2,D
48.27,14.326,324.3,1.1,1,2017-04-30,1210,A,83,6.0NRT,304.1,20.1,D
48.083,9.8,304.3,1,1,2017-04-30,1210,A,31,6.0NRT,292.6,4.4,D
48.473,11.94,313.8,1,1,2017-04-30,1210,A,74,6.0NRT,293.1,11.4,D
48.712,9.37,306.5,1.1,1,2017-04-30,1210,A,36,6.0NRT,294.8,5.1,D
48.937,8.372,307.9,1.1,1,2017-04-30,1210,A,24,6.0NRT,296.6,6,D
49.26,9.063,317.7,1.1,1,2017-04-30,1210,A,59,6.0NRT,293,12.5,D
49.258,9.048,314.5,1.1,1,2017-04-30,1210,A,35,6.0NRT,293.6,9.9,D
49.35,7.352,319.3,1.2,1.1,2017-04-30,1210,A,75,6.0NRT,294.9,17.6,D
49.353,6.739,319.2,1.2,1.1,2017-04-30,1210,A,73,6.0NRT,302.6,16.5,D
50.221,6.964,305.9,1.2,1.1,2017-04-30,1210,A,59,6.0NRT,293.8,6.5,D
51.618,13.829,301.5,1.1,1.1,2017-04-30,1210,A,21,6.0NRT,289.7,3.7,D
51.385,10.843,309.4,1,1,2017-04-30,1210,A,69,6.0NRT,287.7,8.8,D
51.503,7.618,309.8,1.1,1,2017-04-30,1210,A,56,6.0NRT,296.4,8.7,D
51.511,7.623,308.7,1.1,1,2017-04-30,1210,A,67,6.0NRT,296.3,7.2,D
52.384,12.769,306.1,1.1,1,2017-04-30,1210,A,49,6.0NRT,292.7,5.4,D
52.149,10.399,320.5,1,1,2017-04-30,1210,A,80,6.0NRT,298.1,15.2,D
52.669,7.928,302.1,1,1,2017-04-30,1210,A,41,6.0NRT,289,4.2,D
52.84,8.063,304.3,1,1,2017-04-30,1210,A,59,6.0NRT,289.3,5.1,D
53.517,9.899,310.7,1,1,2017-04-30,1210,A,61,6.0NRT,293.8,8.4,D
54.754,21.012,301.1,2.5,1.5,2017-04-30,1210,A,45,6.0NRT,286,19.5,D
55.44,10.401,305.8,1,1,2017-04-30,1210,A,59,6.0NRT,289.7,6.2,D
